Country,Other	TotalCases	NewCases	TotalDeaths	NewDeaths	TotalRecovered	NewRecovered	ActiveCases	Serious,Critical	TotCases/1M pop	Deaths/1M pop	TotalTests	Tests/1M pop	Population	Continent	1 Caseevery X ppl	1 Deathevery X ppl	1 Testevery X ppl	New Cases/1M pop	New Deaths/1M pop	Active Cases/1M pop
North America	94810762	3519	1401192	72	65626841	8480	27782729	14461	0	0	0	0	0	North America	0	0	0	0.0	0.0	0
Asia	116434326	277135	1347632	948	107401756	194398	7684938	30905	0	0	0	0	0	Asia	0	0	0	0.0	0.0	0
South America	54241651	18179	1257444	153	47804284	30697	5179923	13397	0	0	0	0	0	South America	0	0	0	0.0	0.0	0
Europe	155841408	234454	1706958	1247	132459553	663727	21674897	14595	0	0	0	0	0	Europe	0	0	0	0.0	0.0	0
Africa	11520505	974	249272	11	10610439	2930	660794	1823	0	0	0	0	0	Africa	0	0	0	0.0	0.0	0
Oceania	3551152	35024	7757	13	3187639	4589	355756	195	0	0	0	0	0	Australia/Oceania	0	0	0	0.0	0.0	0
	721	0	15	0	706	0	0	0	0	0	0	0	0		0	0	0	0.0	0.0	0
World	436400525	569285	5970270	2444	367091218	904821	63339037	75376	55986	765	0	0	0	All	0	0	0	0.0	0.0	0
USA	80567757	0	973119	0	53192990	0	26401648	8279	241065	2912	947752321	2835754	334215330	North America	4	343	0	0.0	0.0	78996
India	42924130	0	513843	0	42307686	0	102601	8944	30606	366	767481346	547240	1402457970	Asia	33	2729	2	0.0	0.0	73
Brazil	28768104	0	649195	0	26183623	0	1935286	8318	133768	3019	63776166	296550	215060231	South America	7	331	3	0.0	0.0	8999
France	22689332	0	138135	0	20666237	0	1884960	2484	346335	2109	246629975	3764619	65512597	Europe	3	474	0	0.0	0.0	28772
UK	18804765	0	161224	0	17153253	0	1490288	289	274617	2354	480341745	7014719	68476267	Europe	4	425	0	0.0	0.0	21764
Russia	16398036	106920	351660	733	13575652	116742	2470724	2300	112286	2408	273400000	1872115	146038047	Europe	9	415	1	732.0	5.0	16918
Germany	14745312	16560	123330	2	11010700	168400	3611282	2494	175066	1464	104701826	1243085	84227395	Europe	6	683	1	197.0	0.02	42875
Turkey	14025181	0	94232	0	13289352	0	641597	1128	163386	1098	143400825	1670542	85840907	Asia	6	911	1	0.0	0.0	7474
Italy	12764558	0	154560	0	11487720	0	1122278	733	211633	2563	187137866	3102693	60314654	Europe	5	390	0	0.0	0.0	18607
Spain	10977524	0	99410	0	9181728	0	1696386	1053	234639	2125	471036328	10068158	46784756	Europe	4	471	0	0.0	0.0	36259
Argentina	8897178	0	126120	0	8670946	0	100112	1156	193914	2749	34235204	746155	45882140	South America	5	364	1	0.0	0.0	2182
Iran	7051429	10962	136838	207	6652188	18062	262403	3952	82211	1595	47252235	550906	85771863	Asia	12	627	2	128.0	2.0	3059
Netherlands	6361626	28854	21554	6	4332685	48536	2007387	173	369913	1253	21107399	1227343	17197630	Europe	3	798	1	1678.0	0.3	116725
Colombia	6062701	0	138693	0	5888474	0	35534	342	117085	2678	33165748	640508	51780399	South America	9	373	2	0.0	0.0	686
Poland	5667054	6564	111317	1	5057169	18060	498568	841	150009	2947	33629931	890199	37777994	Europe	7	339	1	174.0	0.03	13197
Indonesia	5564448	25054	148335	262	4861415	43992	554698	2911	19994	533	84648008	304150	278310087	Asia	50	1876	3	90.0	0.9	1993
Mexico	5506105	3519	318086	72	4773131	8480	414888	4798	41975	2425	15084437	114995	131174496	North America	24	412	9	27.0	0.5	3163
Japan	4950649	63703	23446	176	4190125	75700	737078	1461	39342	186	38792473	308279	125835531	Asia	25	5367	3	506.0	1.0	5857
Ukraine	4809624	0	105505	0	4058020	0	646099	177	111080	2437	19521252	450849	43298824	Europe	9	410	2	0.0	0.0	14922
South Africa	3673257	0	99229	0	3541730	0	32298	546	60669	1639	23071788	381062	60546030	Africa	16	610	3	0.0	0.0	533
Philippines	3661997	951	56451	50	3553367	1717	52179	298	32698	504	28128384	251159	111994381	Asia	31	1984	4	8.0	0.4	466
Israel	3618445	0	10126	0	3530985	0	77334	646	387995	1086	41373364	4436346	9326000	Asia	3	921	0	0.0	0.0	8292
Czechia	3574328	0	38592	0	3435396	0	100340	221	332747	3593	52579250	4894796	10741868	Europe	3	278	0	0.0	0.0	9341
Belgium	3544034	0	30121	0	2977603	68285	536310	269	303607	2580	31623639	2709101	11673112	Europe	3	388	0	0.0	0.0	45944
Peru	3516264	0	210538	0	0	0	0	1001	104242	6242	27340836	810536	33731811	South America	10	160	1	0.0	0.0	46990
Malaysia	3419636	0	32674	0	3086270	0	300692	353	103462	989	49439581	1495804	33052177	Asia	10	1012	1	0.0	0.0	9097
Vietnam	3321005	0	40144	0	2411912	0	868949	3190	33617	406	79078763	800489	98788045	Asia	30	2461	1	0.0	0.0	8796
Canada	3283732	0	36537	0	3131360	0	115835	736	85760	954	58032175	1515603	38289824	North America	12	1048	1	0.0	0.0	3025
Portugal	3258409	0	21039	0	2784612	0	452758	102	321105	2073	37805639	3725614	10147493	Europe	3	482	0	0.0	0.0	44618
Australia	3211078	19114	5171	12	2981011	0	224896	136	123553	199	63499306	2443269	25989483	Australia/Oceania	8	5026	0	735.0	0.5	8653
S. Korea	3134456	139615	8058	114	969524	0	2156874	715	61050	157	15804065	307818	51342223	Asia	16	6372	3	2719.0	2.0	42010
Chile	3061019	18148	42353	153	2067063	30696	951603	1079	157884	2185	33012243	1702735	19387777	South America	6	458	1	936.0	8.0	49083
Thailand	2891927	22311	22936	42	2655349	17470	213642	687	41260	327	17270775	246409	70089899	Asia	24	3056	4	318.0	0.6	3048
Switzerland	2789871	6717	13226	8	2171436	73592	605209	137	318501	1510	18662771	2130605	8759376	Europe	3	662	0	767.0	0.9	69093
Romania	2733484	4757	63414	57	2489778	17876	180292	923	143677	3333	21040842	1105943	19025254	Europe	7	300	1	250.0	3.0	9476
Austria	2679742	20210	14809	22	2395470	24983	269463	189	294754	1629	158973339	17486017	9091455	Europe	3	614	0	2223.0	2.0	29639
Denmark	2633759	15734	4612	28	2243266	27967	385881	42	452073	792	125361779	21517771	5825965	Europe	2	1263	0	2701.0	5.0	66235
Sweden	2441142	0	17107	0	2092483	39441	331552	73	239246	1677	18107257	1774613	10203496	Europe	4	596	1	0.0	0.0	32494
Greece	2405401	0	25785	0	2190692	0	188924	417	232658	2494	65433870	6328977	10338775	Europe	4	401	0	0.0	0.0	18273
Iraq	2302793	1203	24989	14	2243644	2643	34160	148	55203	599	17973630	430866	41715102	Asia	18	1669	2	29.0	0.3	819
Bangladesh	1943577	897	29037	4	1814665	7976	99875	1275	11610	173	13401339	80054	167404719	Asia	86	5765	12	5.0	0.02	597
Serbia	1910975	2703	15241	42	1802008	11077	93726	104	220181	1756	8754776	1008718	8679112	Europe	5	569	1	311.0	5.0	10799
Hungary	1787544	8370	43949	197	1588843	22334	154752	132	185820	4569	10784987	1121130	9619745	Europe	5	219	1	870.0	20.0	16087
Jordan	1623474	0	13814	0	1518754	0	90906	786	156543	1332	16246059	1566525	10370763	Asia	6	751	1	0.0	0.0	8766
Georgia	1605472	2465	16163	25	1504161	12840	85148	0	403741	4065	15880724	3993653	3976491	Asia	2	246	0	620.0	6.0	21413
Pakistan	1509360	856	30178	5	1443284	1756	35898	1052	6620	132	26426952	115914	227986680	Asia	151	7555	9	4.0	0.02	157
Slovakia	1446922	4728	18485	32	1231220	8512	197217	234	264809	3383	6380675	1167762	5464020	Europe	4	296	1	865.0	6.0	36094
Kazakhstan	1302322	263	13596	4	1267502	833	21224	528	68012	710	11575012	604491	19148361	Asia	15	1408	2	14.0	0.2	1108
Ireland	1292212	0	6475	0	1168261	5091	117476	47	256949	1288	11377091	2262269	5029061	Europe	4	777	0	0.0	0.0	23359
Norway	1231766	0	1598	0	88952	0	1141216	21	224308	291	9852076	1794092	5491401	Europe	4	3436	1	0.0	0.0	207819
Morocco	1160892	0	15978	0	1140157	0	4757	293	30846	425	11237010	298583	37634516	Africa	32	2355	3	0.0	0.0	126
Bulgaria	1088520	0	35482	0	834344	0	218694	503	158633	5171	9165927	1335779	6861859	Europe	6	193	1	0.0	0.0	31871
Cuba	1069387	0	8494	0	1058160	0	2733	34	94509	751	12920253	1141852	11315172	North America	11	1332	1	0.0	0.0	242
Lebanon	1066840	0	10079	0	682977	0	373784	186	157471	1488	4795578	707850	6774848	Asia	6	672	1	0.0	0.0	55172
Croatia	1054794	198	15069	39	1027821	2770	11904	98	259587	3709	4512457	1110524	4063359	Europe	4	270	1	49.0	10.0	2930
Tunisia	997754	0	27773	0	947817	0	22164	222	82985	2310	4341110	361059	12023273	Africa	12	433	3	0.0	0.0	1843
Nepal	976984	119	11936	1	956813	400	8235	100	32562	398	5421609	180698	30003688	Asia	31	2514	6	4.0	0.03	274
Belarus	919736	2268	6480	10	908132	2089	5124	0	97387	686	12438809	1317088	9444178	Europe	10	1457	1	240.0	1.0	543
Lithuania	902554	1923	8421	8	808647	2175	85486	95	339381	3166	7746771	2912961	2659415	Europe	3	316	0	723.0	3.0	32145
Bolivia	893223	0	21426	0	787320	0	84477	220	74831	1795	2669468	223639	11936484	South America	13	557	4	0.0	0.0	7077
Slovenia	892606	656	6306	14	845577	3629	40723	104	429259	3033	2570219	1236032	2079411	Europe	2	330	1	315.0	7.0	19584
UAE	879973	605	2301	0	834041	1571	43631	0	87228	228	137766535	13656284	10088142	Asia	11	4384	0	60.0	0.0	4325
Uruguay	840511	0	6977	0	809798	0	23736	122	240582	1997	5698831	1631194	3493657	South America	4	501	1	0.0	0.0	6794
Ecuador	827760	0	35223	0	0	0	0	759	45767	1947	2470170	136577	18086299	South America	22	513	7	0.0	0.0	19277
Costa Rica	802472	0	7999	0	659607	0	134866	129	155184	1547	3635922	703123	5171103	North America	6	646	1	0.0	0.0	26081
Azerbaijan	785670	369	9417	17	765373	1090	10880	0	76350	915	6554964	636996	10290425	Asia	13	1093	2	36.0	2.0	1057
Guatemala	776262	0	16961	0	714146	0	45155	5	42042	919	3922624	212450	18463756	North America	24	1089	5	0.0	0.0	2446
Panama	755262	0	8079	0	740813	0	6370	27	170598	1825	5513584	1245406	4427139	North America	6	548	1	0.0	0.0	1439
Saudi Arabia	745027	653	8998	2	723549	1081	12480	601	20863	252	40704052	1139823	35710863	Asia	48	3969	1	18.0	0.06	349
Singapore	710880	0	1007	0	650359	0	59514	46	119950	170	23141120	3904690	5926493	Asia	8	5885	0	0.0	0.0	10042
Latvia	653120	3616	5239	9	513598	0	134283	76	352718	2829	6711057	3624309	1851679	Europe	3	353	0	1953.0	5.0	72520
Sri Lanka	645037	0	16190	0	608719	0	20128	0	29916	751	6282076	291351	21561862	Asia	33	1332	3	0.0	0.0	934
Paraguay	641321	0	18359	0	608474	0	14488	151	88124	2523	2526622	347182	7277515	South America	11	396	3	0.0	0.0	1991
Finland	637757	28	2366	2	46000	0	589391	35	114808	426	9927154	1787077	5554968	Europe	9	2348	1	5.0	0.4	106102
Kuwait	619310	0	2537	0	606657	0	10116	62	141554	580	7626573	1743191	4375065	Asia	7	1725	1	0.0	0.0	2312
Myanmar	586198	0	19365	0	533395	0	33438	0	10656	352	7100472	129068	55013516	Asia	94	2841	8	0.0	0.0	608
Palestine	575372	0	5216	0	553022	0	17134	104	108612	985	3078533	581128	5297513	Asia	9	1016	2	0.0	0.0	3234
Dominican Republic	574071	0	4368	0	568031	0	1672	40	52056	396	3103088	281384	11027938	North America	19	2525	4	0.0	0.0	152
Venezuela	514795	0	5633	0	502418	0	6744	230	18189	199	3359014	118682	28302567	South America	55	5024	8	0.0	0.0	238
Bahrain	512306	0	1453	0	485005	0	25848	14	284724	808	9385851	5216370	1799307	Asia	4	1238	0	0.0	0.0	14366
Moldova	501312	0	11213	0	475918	0	14181	77	124753	2790	3009636	748956	4018443	Europe	8	358	1	0.0	0.0	3529
Libya	494446	898	6261	11	463762	2660	24423	129	70375	891	2423118	344884	7025895	Africa	14	1122	3	128.0	2.0	3476
Estonia	494430	2281	2236	11	368812	1885	123382	25	372308	1684	3100487	2334683	1328012	Europe	3	594	0	1718.0	8.0	92907
Egypt	482248	0	24040	0	412161	0	46047	122	4570	228	3693367	34999	105526991	Africa	219	4390	29	0.0	0.0	436
Ethiopia	468674	0	7460	0	416704	0	44510	86	3916	62	4501473	37615	119672008	Africa	255	16042	27	0.0	0.0	372
Mongolia	464211	166	2168	0	313256	0	148787	192	137927	644	4030048	1197413	3365629	Asia	7	1552	1	49.0	0.0	44208
Armenia	419832	139	8461	12	401677	837	9694	0	141243	2847	2894588	973818	2972411	Asia	7	351	1	47.0	4.0	3261
Honduras	411212	0	10720	0	127663	0	272829	105	40453	1055	1263329	124280	10165223	North America	25	948	8	0.0	0.0	26839
Oman	382244	863	4244	2	368677	1473	9323	60	71832	798	25000000	4698051	5321356	Asia	14	1254	0	162.0	0.4	1752
Bosnia and Herzegovina	371202	135	15459	24	192218	0	163525	0	114320	4761	1699911	523527	3247038	Europe	9	210	2	42.0	7.0	50361
Qatar	356982	311	670	2	353139	586	3173	20	127139	239	3374531	1201840	2807805	Asia	8	4191	1	111.0	0.7	1130
Kenya	322930	0	5639	0	303248	0	14043	4	5795	101	3368063	60435	55730036	Africa	173	9883	17	0.0	0.0	252
Cyprus	320160	0	854	0	124370	0	194936	60	262017	699	9477138	7756029	1221906	Asia	4	1431	0	0.0	0.0	159534
Zambia	312750	43	3952	0	307102	256	1696	1	16259	205	3270113	170008	19235057	Africa	62	4867	6	2.0	0.0	88
North Macedonia	297081	0	9001	0	283908	0	4172	0	142606	4321	1889266	906892	2083232	Europe	7	231	1	0.0	0.0	2003
Réunion	292126	0	640	0	274185	0	17301	40	322475	706	1424291	1572261	905887	Africa	3	1415	1	0.0	0.0	19098
Albania	271527	0	3464	0	265275	0	2788	13	94523	1206	1742017	606426	2872595	Europe	11	829	2	0.0	0.0	971
Algeria	264855	0	6831	0	177437	0	80587	14	5865	151	230861	5112	45160878	Africa	171	6611	196	0.0	0.0	1784
Botswana	263950	0	2619	0	259434	0	1897	1	108614	1078	2026898	834060	2430159	Africa	9	928	1	0.0	0.0	781
Nigeria	254525	0	3142	0	249013	0	2370	11	1186	15	4317621	20121	214587291	Africa	843	68296	50	0.0	0.0	11
Uzbekistan	236405	106	1635	2	232918	321	1852	23	6898	48	1377915	40206	34271752	Asia	145	20961	25	3.0	0.06	54
Zimbabwe	235975	0	5394	0	226069	0	4512	12	15503	354	2078325	136544	15220902	Africa	65	2822	7	0.0	0.0	296
Montenegro	230120	0	2676	0	225847	0	1597	60	366318	4260	1168531	1860132	628198	Europe	3	235	1	0.0	0.0	2542
Mozambique	225038	0	2192	0	219321	0	3525	13	6881	67	1268201	38779	32702989	Africa	145	14919	26	0.0	0.0	108
Kyrgyzstan	200500	22	2957	1	195161	105	2382	131	29915	441	1907195	284560	6702266	Asia	33	2267	4	3.0	0.1	355
Luxembourg	181903	0	988	0	171378	0	9537	8	282974	1537	4064929	6323529	642826	Europe	4	651	0	0.0	0.0	14836
Afghanistan	173659	94	7598	2	156326	407	9735	1124	4301	188	890731	22060	40378143	Asia	233	5314	45	2.0	0.05	241
Hong Kong	171314	0	659	0	13232	0	157423	16	22548	87	36260319	4772573	7597646	Asia	44	11529	0	0.0	0.0	20720
Maldives	169632	0	297	0	154246	0	15089	25	304933	534	2183549	3925178	556293	Asia	3	1873	0	0.0	0.0	27124
Uganda	163266	16	3588	0	99995	5	59683	35	3392	75	2460535	51124	48128415	Africa	295	13414	20	0.3	0.0	1240
Ghana	159124	0	1442	0	157133	0	549	1	4950	45	2305405	71717	32145660	Africa	202	22292	14	0.0	0.0	17
Namibia	157210	0	4007	0	152694	0	509	2	60072	1531	953850	364479	2617022	Africa	17	653	3	0.0	0.0	194
El Salvador	147786	0	4068	0	123870	0	19848	153	22596	622	1693464	258925	6540376	North America	44	1608	4	0.0	0.0	3035
Laos	142743	134	621	0	7660	0	134462	0	19160	83	1000342	134270	7450238	Asia	52	11997	7	18.0	0.0	18048
Cambodia	130276	356	3032	0	123772	419	3472	0	7618	177	2859086	167180	17101809	Asia	131	5640	6	21.0	0.0	203
Iceland	129844	1099	62	1	75685	0	54097	2	376459	180	1754901	5088012	344909	Europe	3	5563	0	3186.0	3.0	156844
Rwanda	129489	0	1457	0	45522	0	82510	1	9604	108	4832169	358388	13483084	Africa	104	9254	3	0.0	0.0	6120
Jamaica	127961	0	2813	0	76703	0	48445	25	42903	943	848470	284477	2982561	North America	23	1060	4	0.0	0.0	16243
Trinidad and Tobago	127404	0	3622	0	102045	0	21737	18	90551	2574	627706	446134	1406989	North America	11	388	2	0.0	0.0	15449
Guadeloupe	126642	0	837	0	2250	0	123555	19	316418	2091	938039	2343709	400237	North America	3	478	0	0.0	0.0	308705
Cameroon	119240	0	1923	0	117089	0	228	13	4314	70	1751774	63382	27638422	Africa	232	14373	16	0.0	0.0	8
Martinique	112901	0	876	0	104	0	111921	16	301244	2337	678821	1811237	374783	North America	3	428	1	0.0	0.0	298629
New Zealand	100821	14683	56	0	18332	218	82433	0	20156	11	6711198	1341676	5002100	Australia/Oceania	50	89323	1	2935.0	0.0	16480
Angola	98701	0	1899	0	96622	0	180	0	2856	55	1424011	41209	34555986	Africa	350	18197	24	0.0	0.0	5
DRC	85999	0	1335	0	50930	0	33734	0	914	14	846704	9002	94061790	Africa	1094	70458	111	0.0	0.0	359
Senegal	85693	17	1960	0	83631	9	102	2	4904	112	1014840	58079	17473411	Africa	204	8915	17	1.0	0.0	6
Malawi	85328	0	2615	0	75578	0	7135	67	4278	131	546116	27378	19947226	Africa	234	7628	37	0.0	0.0	358
Ivory Coast	81467	0	792	0	79816	0	859	0	2967	29	1414287	51507	27458300	Africa	337	34670	19	0.0	0.0	31
Suriname	78123	31	1316	0	49355	1	27452	3	131226	2211	228303	383489	595331	South America	8	452	3	52.0	0.0	46112
French Guiana	77652	0	391	0	11254	0	66007	6	249299	1255	591966	1900488	311481	South America	4	797	1	0.0	0.0	211913
Malta	71275	40	605	1	69566	61	1104	3	160714	1364	1211456	2731648	443489	Europe	6	733	0	90.0	2.0	2489
Eswatini	69130	0	1390	0	67643	0	97	11	58583	1178	477146	404346	1180043	Africa	17	849	2	0.0	0.0	82
French Polynesia	65583	0	638	0	0	0	0	7	231255	2250	0	0	283596	Australia/Oceania	4	445	0	0.0	0.0	110880
Fiji	63930	2	834	1	61908	18	1188	0	70470	919	497039	547885	907196	Australia/Oceania	14	1088	2	2.0	1.0	1310
Madagascar	63659	0	1366	0	58677	0	3616	61	2205	47	398434	13802	28867987	Africa	453	21133	72	0.0	0.0	125
Brunei	63542	4095	125	4	33512	2490	29905	14	142980	281	712994	1604354	444412	Asia	7	3555	1	9214.0	9.0	67291
Guyana	62891	0	1220	0	60929	0	742	10	79324	1539	538535	679253	792834	South America	13	650	1	0.0	0.0	936
Sudan	61376	0	3901	0	40329	0	17146	0	1348	86	562941	12361	45542220	Africa	742	11674	81	0.0	0.0	376
Mauritania	58632	0	979	0	57602	0	51	30	12085	202	743798	153306	4851716	Africa	83	4956	7	0.0	0.0	11
Belize	56597	0	650	0	54453	0	1494	6	138187	1587	499451	1219458	409568	North America	7	630	1	0.0	0.0	3648
Cabo Verde	55882	0	401	0	55409	0	72	23	98735	709	400982	708474	565980	Africa	10	1411	1	0.0	0.0	127
Barbados	55031	0	315	0	52253	0	2463	0	191108	1094	584756	2030706	287957	North America	5	914	0	0.0	0.0	8553
Syria	54480	0	3071	0	46933	0	4476	0	2993	169	146269	8035	18203608	Asia	334	5928	124	0.0	0.0	246
New Caledonia	54177	1170	299	0	46473	4155	7405	32	186791	1031	98964	341208	290040	Australia/Oceania	5	970	3	4034.0	0.0	25531
Channel Islands	50384	0	143	0	47633	0	2608	0	285437	810	1207943	6843288	176515	Europe	4	1234	0	0.0	0.0	14775
Gabon	47534	0	303	0	46155	0	1076	1	20555	131	1569625	678734	2312576	Africa	49	7632	1	0.0	0.0	465
Papua New Guinea	41038	0	638	0	38856	0	1544	7	4447	69	249149	27001	9227358	Australia/Oceania	225	14463	37	0.0	0.0	167
Seychelles	39181	0	160	0	38481	0	540	0	394354	1610	0	0	99355	Africa	3	621	0	0.0	0.0	5435
Curaçao	38933	0	261	0	38352	0	320	3	235666	1580	492011	2978203	165204	North America	4	633	0	0.0	0.0	1937
Burundi	38063	0	38	0	773	0	37252	0	3051	3	345742	27712	12476142	Africa	328	328320	36	0.0	0.0	2986
Andorra	37999	0	151	0	37135	0	713	14	490500	1949	249838	3224965	77470	Europe	2	513	0	0.0	0.0	9204
Togo	36798	0	272	0	36410	0	116	0	4279	32	689248	80149	8599568	Africa	234	31616	12	0.0	0.0	13
Mayotte	36662	0	187	0	2964	0	33511	0	129229	659	176919	623615	283699	Africa	8	1517	2	0.0	0.0	118122
Guinea	36393	0	440	0	32939	0	3014	49	2652	32	587607	42823	13721693	Africa	377	31186	23	0.0	0.0	220
Faeroe Islands	34237	0	28	0	7693	0	26516	5	696299	569	778000	15822656	49170	Europe	1	1756	0	0.0	0.0	539272
Aruba	33676	0	211	0	33406	0	59	6	313218	1962	177885	1654498	107516	North America	3	510	1	0.0	0.0	549
Tanzania	33620	0	798	0	0	0	0	7	538	13	0	0	62546742	Africa	1860	78379	0	0.0	0.0	522
Bahamas	33129	0	771	0	26221	0	6137	9	82934	1930	220066	550905	399463	North America	12	518	2	0.0	0.0	15363
Lesotho	32612	0	696	0	23343	0	8573	0	15026	321	398053	183404	2170356	Africa	67	3118	5	0.0	0.0	3950
Mauritius	30858	0	786	0	27008	0	3064	0	24197	616	358675	281256	1275261	Africa	41	1622	4	0.0	0.0	2403
Mali	30378	0	722	0	29470	0	186	0	1432	34	620934	29269	21215000	Africa	698	29384	34	0.0	0.0	9
Haiti	30342	0	820	0	25210	0	4312	0	2608	70	132422	11384	11632543	North America	383	14186	88	0.0	0.0	371
Benin	26567	0	163	0	25506	0	898	5	2100	13	604310	47778	12648180	Africa	476	77596	21	0.0	0.0	71
Somalia	26313	0	1348	0	13182	0	11783	0	1583	81	400466	24086	16626216	Africa	632	12334	42	0.0	0.0	709
Congo	23967	0	378	0	20178	0	3411	0	4174	66	347815	60567	5742662	Africa	240	15192	17	0.0	0.0	594
Timor-Leste	22693	25	128	0	22140	132	425	9	16686	94	248770	182922	1359981	Asia	60	10625	5	18.0	0.0	313
Saint Lucia	22667	0	358	0	22092	0	217	4	122514	1935	135214	730823	185016	North America	8	517	1	0.0	0.0	1173
Isle of Man	22660	0	79	0	22227	0	354	0	264170	921	150753	1757479	85778	Europe	4	1086	1	0.0	0.0	4127
Burkina Faso	20751	0	375	0	20309	0	67	0	950	17	248995	11395	21850832	Africa	1053	58269	88	0.0	0.0	3
Taiwan	20489	56	853	0	18386	48	1250	0	858	36	11589121	485141	23888131	Asia	1166	28005	2	2.0	0.0	52
Cayman Islands	19373	0	17	0	8553	0	10803	2	289154	254	222773	3325020	66999	North America	3	3941	0	0.0	0.0	161241
Nicaragua	18004	0	220	0	4225	0	13559	0	2665	33	0	0	6754976	North America	375	30704	0	0.0	0.0	2007
Tajikistan	17388	0	124	0	17263	0	1	0	1758	13	0	0	9891902	Asia	569	79773	0	0.0	0.0	0
South Sudan	16955	0	137	0	13250	0	3568	1	1486	12	338083	29628	11410893	Africa	673	83291	34	0.0	0.0	313
Equatorial Guinea	15877	0	182	0	15653	0	42	5	10734	123	273437	184860	1479157	Africa	93	8127	5	0.0	0.0	28
Djibouti	15547	0	189	0	15352	0	6	0	15366	187	284842	281528	1011772	Africa	65	5353	4	0.0	0.0	6
Gibraltar	15313	0	101	0	14599	0	613	10	454743	2999	513118	15237810	33674	Europe	2	333	0	0.0	0.0	18204
San Marino	14207	0	112	0	13703	0	392	4	417252	3289	134668	3955123	34049	Europe	2	304	0	0.0	0.0	11513
CAR	14187	0	113	0	6859	0	7215	2	2855	23	81294	16361	4968679	Africa	350	43971	61	0.0	0.0	1452
Grenada	13679	0	216	0	13258	0	205	4	120641	1905	136411	1203067	113386	North America	8	525	1	0.0	0.0	1808
Bhutan	12702	508	6	0	8291	381	4405	0	16167	8	1983905	2525119	785668	Asia	62	130945	0	647.0	0.0	5607
Liechtenstein	12001	93	78	0	11485	298	438	4	313268	2036	80413	2099063	38309	Europe	3	491	0	2428.0	0.0	11433
Gambia	11924	0	365	0	11461	0	98	4	4715	144	135608	53623	2528901	Africa	212	6928	19	0.0	0.0	39
Yemen	11769	0	2134	0	8689	0	946	23	381	69	265253	8581	30912295	Asia	2627	14486	117	0.0	0.0	31
Greenland	11715	0	16	0	2761	0	8938	9	205768	281	164926	2896844	56933	North America	5	3558	0	0.0	0.0	156992
Bermuda	11490	0	123	0	11150	0	217	0	185631	1987	795082	12845243	61897	North America	5	503	0	0.0	0.0	3506
Dominica	11016	0	57	0	10563	0	396	0	152403	789	165338	2287402	72282	North America	7	1268	0	0.0	0.0	5479
Saint Martin	9877	0	63	0	1399	0	8415	7	248434	1585	78366	1971125	39757	North America	4	631	1	0.0	0.0	211661
Eritrea	9700	0	103	0	9593	0	4	0	2674	28	23693	6531	3627634	Africa	374	35220	153	0.0	0.0	1
Sint Maarten	9548	0	85	0	9420	0	43	10	218585	1946	62056	1420663	43681	North America	5	514	1	0.0	0.0	984
Monaco	9377	0	51	0	9140	0	186	4	236185	1285	54960	1384313	39702	Europe	4	778	1	0.0	0.0	4685
Niger	8751	0	307	0	8432	0	12	1	341	12	228471	8906	25654408	Africa	2932	83565	112	0.0	0.0	0
Comoros	8033	0	160	0	7855	0	18	0	8923	178	0	0	900236	Africa	112	5626	0	0.0	0.0	20
Guinea-Bissau	8001	0	167	0	6978	0	856	6	3913	82	123632	60458	2044914	Africa	256	12245	17	0.0	0.0	419
Sierra Leone	7665	0	125	0	0	0	0	0	930	15	259958	31528	8245280	Africa	1076	65962	32	0.0	0.0	331
Caribbean Netherlands	7564	0	31	0	7444	0	89	0	284083	1164	30126	1131450	26626	North America	4	859	1	0.0	0.0	3343
Antigua and Barbuda	7437	0	135	0	7253	0	49	1	74916	1360	18901	190398	99271	North America	13	735	5	0.0	0.0	494
Liberia	7360	0	290	0	5747	0	1323	2	1401	55	139824	26612	5254248	Africa	714	18118	38	0.0	0.0	252
Chad	7246	0	190	0	4874	0	2182	0	421	11	191341	11121	17204990	Africa	2374	90553	90	0.0	0.0	127
Solomon Islands	6937	0	96	0	1732	0	5109	4	9706	134	5117	7159	714735	Australia/Oceania	103	7445	140	0.0	0.0	7148
St. Vincent Grenadines	6739	0	106	0	6591	0	42	0	60427	950	98160	880177	111523	North America	17	1052	1	0.0	0.0	377
British Virgin Islands	6074	0	62	0	0	0	0	6	198731	2029	99936	3269729	30564	North America	5	493	0	0.0	0.0	3043
Sao Tome and Principe	5934	0	72	0	5852	0	10	0	26269	319	29036	128540	225891	Africa	38	3137	8	0.0	0.0	44
Turks and Caicos	5867	0	36	0	5787	0	44	4	148216	909	419792	10605093	39584	North America	7	1100	0	0.0	0.0	1112
Saint Kitts and Nevis	5530	0	42	0	5480	0	8	1	102746	780	65141	1210304	53822	North America	10	1281	1	0.0	0.0	149
Palau	3781	55	6	0	3140	198	635	5	207326	329	36979	2027691	18237	Australia/Oceania	5	3040	0	3016.0	0.0	34819
St. Barth	3758	0	6	0	0	0	0	0	378564	604	56491	5690642	9927	North America	3	1655	0	0.0	0.0	331419
Kiribati	2914	0	11	0	2051	0	852	4	23791	90	0	0	122481	Australia/Oceania	42	11135	0	0.0	0.0	6956
Anguilla	2528	0	9	0	2506	0	13	4	166043	591	51382	3374844	15225	North America	6	1692	0	0.0	0.0	854
Saint Pierre Miquelon	1070	0	1	0	1049	0	20	1	186184	174	17358	3020358	5747	North America	5	5747	0	0.0	0.0	3480
Diamond Princess	712	0	13	0	699	0	0	0	0	0	0	0	0		0	0	0	0.0	0.0	0
Wallis and Futuna	454	0	7	0	438	0	9	0	41602	641	20508	1879227	10913	Australia/Oceania	24	1559	1	0.0	0.0	825
Tonga	355	0	0	0	177	0	178	0	3297	0	0	0	107677	Australia/Oceania	303	0	0	0.0	0.0	1653
Montserrat	164	0	2	0	161	0	1	0	32820	400	8359	1672804	4997	North America	30	2499	1	0.0	0.0	200
Falkland Islands	109	0	0	0	0	0	0	0	29888	0	8632	2366877	3647	South America	33	0	0	0.0	0.0	6581
Macao	81	0	0	0	79	0	2	0	122	0	5318	8009	663981	Asia	8197	0	125	0.0	0.0	3
Samoa	33	0	0	0	3	0	30	0	165	0	0	0	200596	Australia/Oceania	6079	0	0	0.0	0.0	150
Vatican City	29	0	0	0	28	0	1	0	36070	0	0	0	804	Europe	28	0	0	0.0	0.0	1244
Cook Islands	25	0	0	0	4	0	21	0	1421	0	1309	74413	17591	Australia/Oceania	704	0	13	0.0	0.0	1194
Vanuatu	18	0	1	0	6	0	11	0	56	3	23000	72097	319013	Australia/Oceania	17723	319013	14	0.0	0.0	34
Western Sahara	10	0	1	0	8	0	1	0	16	2	0	0	621622	Africa	62162	621622	0	0.0	0.0	2
MS Zaandam	9	0	2	0	7	0	0	0	0	0	0	0	0		0	0	0	0.0	0.0	0
Marshall Islands	7	0	0	0	7	0	0	0	117	0	0	0	59851	Australia/Oceania	8550	0	0	0.0	0.0	0
Saint Helena	2	0	0	0	2	0	0	0	327	0	0	0	6107	Africa	3054	0	0	0.0	0.0	0
Micronesia	1	0	0	0	1	0	0	0	9	0	0	0	117018	Australia/Oceania	117018	0	0	0.0	0.0	0
China	109326	234	4636	0	101936	68	2754	21	76	3	160000000	111163	1439323776	Asia	13165	310467	9	0.2	0.0	2
